building_name,address_base,ward,unit_count
朝日プラザ新札幌,北海道札幌市厚別区厚別中央4条6丁目1-10,厚別区,3
コーポラス桧,北海道札幌市厚別区青葉町11丁目7-17,厚別区,1
システムコート大谷地,北海道札幌市厚別区大谷地東7丁目5-5,厚別区,1
AXIS-FA手稲,北海道札幌市手稲区手稲本町1条1丁目3-41,手稲区,4
SELGRACE曙,北海道札幌市手稲区曙3条3丁目1-11,手稲区,2
グランイースト手稲,北海道札幌市手稲区曙6条3丁目4-8,手稲区,1
メゾン花,北海道札幌市手稲区前田2条11丁目9-21,手稲区,1
コーポ6.6,北海道札幌市手稲区前田6条6丁目1-13,手稲区,2
アークヒルズ33,北海道札幌市手稲区富丘3条3丁目1-27,手稲区,1
アークヒルズII,北海道札幌市手稲区富丘3条3丁目1-30,手稲区,1
CASA SOUVENIR,北海道札幌市西区宮の沢1条3丁目4-3,西区,2
ピアチューレ,北海道札幌市西区宮の沢1条3丁目9-32,西区,1
THE LODGE IN SAPPORO(札幌の山小屋),北海道札幌市西区宮の沢3条5丁目16-2,西区,1
カピテーヌ琴似,北海道札幌市西区琴似1条1丁目7-7,西区,3
琴,北海道札幌市西区琴似1条4丁目1-11,西区,6
琴似クリーンレジデンス,北海道札幌市西区琴似1条4丁目1-11,西区,29
テラスK4,北海道札幌市西区琴似1条5丁目3-24,西区,6
シティラデファンス,北海道札幌市西区琴似1条5丁目4-10,西区,4
グランドサクセス琴似V,北海道札幌市西区琴似1条6丁目2-11,西区,4
ブランシャール琴似駅前,北海道札幌市西区琴似2条5丁目2-17,西区,1
サンライズ琴似,北海道札幌市西区琴似3条4丁目1-31,西区,1
メモリアル55,北海道札幌市西区西町南18丁目5-23,西区,1
クラリス西町北,北海道札幌市西区西町北2丁目8-15,西区,1
カルムハピネス西町,北海道札幌市西区西町北5丁目2-26,西区,2
グランドサクセス発寒南,北海道札幌市西区西町北9丁目3-1,西区,2
ダイナスティパレス24軒,北海道札幌市西区二十四軒1条2丁目2-10,西区,2
ダイナスティパレス二十四軒,北海道札幌市西区二十四軒1条2丁目2-10,西区,1
ノーザンライツ札幌,北海道札幌市西区二十四軒1条2丁目3-23,西区,1
Culture24,北海道札幌市西区二十四軒4条4丁目1-33,西区,7
マロウドイン24,北海道札幌市西区二十四軒4条4丁目5-12,西区,4
マイライフ琴似,北海道札幌市西区二十四軒4条4丁目9-18,西区,4
エクセル琴似,北海道札幌市西区二十四軒4条4丁目9-26,西区,1
Meteore琴似 2-C,北海道札幌市西区二十四軒4条5丁目12-16,西区,1
テラ二十四軒,北海道札幌市西区二十四軒4条6丁目5-32,西区,3
サイレンス琴似,北海道札幌市西区八軒1条東1丁目3-1,西区,3
グランシャリオ琴似,北海道札幌市西区八軒2条東1丁目6-5,西区,1
Broaden 8 House,北海道札幌市西区八軒7条東1丁目2-35,西区,3
サイレンスウエスト,北海道札幌市西区八軒7条東5丁目4-30,西区,1
カオン発寒,北海道札幌市西区発寒10条2丁目11-3,西区,1
ウエストスクウエア,北海道札幌市西区発寒10条2丁目12-12,西区,1
フィオラノ発寒中央8,北海道札幌市西区発寒10条2丁目6-26,西区,1
Rion発寒,北海道札幌市西区発寒1条3丁目3-10,西区,1
プラウド札幌,北海道札幌市西区発寒1条4丁目3-5,西区,1
コローレ琴似,北海道札幌市西区発寒3条1丁目11-1,西区,3
ラグナベルデ宮の沢,北海道札幌市西区発寒6条9丁目3-26,西区,1
発寒9条13丁目戸建アパート,北海道札幌市西区発寒9条13丁目10-16,西区,1
ドエル大通り公園,北海道札幌市中央区大通西13丁目4番地193,中央区,1
サンコート大通,北海道札幌市中央区大通西14丁目3-44,中央区,12
プレステージ札幌,北海道札幌市中央区大通西16丁目1-18,中央区,5
大通ハイチ,北海道札幌市中央区大通西16丁目3-32,中央区,5
カンダミニアム大通,北海道札幌市中央区大通西18丁目1-12,中央区,3
プレジャー大通西18,北海道札幌市中央区大通西18丁目1-43,中央区,3
パークレジデンス,北海道札幌市中央区大通西23丁目1-22,中央区,8
WEST23BLD,北海道札幌市中央区大通西23丁目2-12,中央区,1
ジュネス大通,北海道札幌市中央区大通東5丁目4-5,中央区,3
RT2,北海道札幌市中央区大通東5丁目4-57,中央区,1
ストラダーレ,北海道札幌市中央区大通東7丁目12-22,中央区,1
ハミルトンイースト,北海道札幌市中央区大通東8丁目1番地123,中央区,22
TEN CITY,北海道札幌市中央区南10条西11丁目1-33,中央区,3
Fuente Diez,北海道札幌市中央区南10条西13丁目3-31,中央区,2
クインズフォレスト中島公園,北海道札幌市中央区南10条西6丁目4-1,中央区,1
ローディア109,北海道札幌市中央区南10条西9丁目2-34,中央区,2
GLASS山鼻EAST,北海道札幌市中央区南11条西12丁目2-12,中央区,6
MP Style 50,北海道札幌市中央区南11条西13丁目1-32,中央区,3
YI House,北海道札幌市中央区南11条西14丁目2-29,中央区,2
AJITO S11,北海道札幌市中央区南11条西14丁目2-30,中央区,1
中島公園マンション,北海道札幌市中央区南11条西1丁目2-12,中央区,4
パークアベニュー中島,北海道札幌市中央区南11条西1丁目2-15,中央区,1
エクセル中島公園,北海道札幌市中央区南11条西6丁目1-27,中央区,2
NKビル,北海道札幌市中央区南12条西14丁目1-20,中央区,4
セシリア,北海道札幌市中央区南12条西15丁目3-7,中央区,1
12条ハイツ,北海道札幌市中央区南12条西8丁目1-11,中央区,5
第37松井ビル,北海道札幌市中央区南12条西8丁目1-24,中央区,6
Amadeus中島公園,北海道札幌市中央区南12条西8丁目2-27,中央区,1
CALM・LIV,北海道札幌市中央区南12条西8丁目3-18,中央区,2
アンビエンテ131,北海道札幌市中央区南13条西1丁目1-3,中央区,1
メゾンパルク,北海道札幌市中央区南13条西6丁目2-3,中央区,4
コメンスNo.1,北海道札幌市中央区南13条西6丁目4-16,中央区,3
セレナール南13条,北海道札幌市中央区南13条西8丁目1-35,中央区,12
イリオス中島公園,北海道札幌市中央区南14条西1丁目1-8,中央区,9
Ferien,北海道札幌市中央区南14条西1丁目2-12,中央区,2
シティホームセントリック札幌中島公園,北海道札幌市中央区南14条西6丁目1-1,中央区,3
イルフィオーレ,北海道札幌市中央区南14条西6丁目2-8,中央区,3
ルミエール南14条,北海道札幌市中央区南14条西7丁目1-6,中央区,4
グランステージ中島公園西,北海道札幌市中央区南15条西8丁目2-41,中央区,1
エクセレントハウス中島公園,北海道札幌市中央区南16条西5丁目2-3,中央区,5
パークサイドシェリー6,北海道札幌市中央区南16条西6丁目1-18,中央区,1
Warmth Inn 幌平橋,北海道札幌市中央区南17条西5丁目4-15,中央区,4
Aup178,北海道札幌市中央区南17条西8丁目1-7,中央区,1
三好コーポラス,北海道札幌市中央区南19条西12丁目1-26,中央区,1
BLUE FOREST,北海道札幌市中央区南19条西9丁目1-41,中央区,2
JOW2ビル,北海道札幌市中央区南1条西14丁目1-221,中央区,2
マーシャル14,北海道札幌市中央区南1条西14丁目1-283,中央区,3
ヴィレッタ大通,北海道札幌市中央区南1条西15丁目1-13,中央区,1
シェール松岡,北海道札幌市中央区南1条西17丁目1-14,中央区,1
ザ・ヴィンテージ20,北海道札幌市中央区南1条西20丁目1-28,中央区,1
ケイキ円山,北海道札幌市中央区南1条西22丁目2-23,中央区,2
ラムール山鼻,北海道札幌市中央区南20条西13丁目1-3,中央区,1
ロイヤルハイツ,北海道札幌市中央区南24条西15丁目1-11,中央区,1
パレス24,北海道札幌市中央区南24条西15丁目2-5,中央区,1
レユシール山鼻南,北海道札幌市中央区南27条西13丁目1-12,中央区,2
Feel210,北海道札幌市中央区南2条西10丁目1000-30,中央区,16
クリスタルパレス95,北海道札幌市中央区南2条西12丁目323番地9,中央区,1
モンドミオ札幌大通南2条,北海道札幌市中央区南2条西7丁目8-1,中央区,37
HILLS SAPPORO,北海道札幌市中央区南2条西7丁目9-5,中央区,3
ベルネージュ,北海道札幌市中央区南2条西8丁目1-3,中央区,4
ラ・ソレイユ南2条,北海道札幌市中央区南2条西9丁目1-23,中央区,4
ケンタク29ビル,北海道札幌市中央区南2条西9丁目1-3,中央区,1
ALTIPLANO,北海道札幌市中央区南2条東2丁目12-2,中央区,1
アルティプラノ,北海道札幌市中央区南2条東2丁目12-2,中央区,3
コーポハシモト,北海道札幌市中央区南2条東2丁目5-1,中央区,3
パークヒルズ23A,北海道札幌市中央区南2条東3丁目9-1,中央区,3
パークヒルズイースト23A,北海道札幌市中央区南2条東3丁目9-1,中央区,1
阿部亮財団ビル,北海道札幌市中央区南2条東5丁目1-11,中央区,1
グレースガーデン南1条通,北海道札幌市中央区南2条東5丁目1-2,中央区,2
Berlinetta 312,北海道札幌市中央区南3条西12丁目325-5,中央区,1
Berlinetta312,北海道札幌市中央区南3条西12丁目325-5,中央区,3
ベルリネッタ312,北海道札幌市中央区南3条西12丁目325-5,中央区,1
マープル円山,北海道札幌市中央区南3条西22丁目2-5,中央区,1
モンドミオ札幌南三条通,北海道札幌市中央区南3条西6丁目1-1,中央区,29
島屋ビル,北海道札幌市中央区南3条西8丁目11,中央区,3
3.9BLD,北海道札幌市中央区南3条西9丁目998,中央区,2
オギサカ南三条ビル,北海道札幌市中央区南3条西9丁目999番地7,中央区,5
山岸ビル,北海道札幌市中央区南3条東1丁目1-9,中央区,2
イノベ札幌大通南,北海道札幌市中央区南3条東3丁目18-6,中央区,4
Lan,北海道札幌市中央区南3条東3丁目5-1,中央区,2
ローヤルハイツ南3条,北海道札幌市中央区南3条東4丁目1-31,中央区,2
プレリオン札幌南4条,北海道札幌市中央区南4条西10丁目1005-4,中央区,24
サンシャイン・シティー21,北海道札幌市中央区南4条西10丁目1010-3,中央区,2
パレロワイヤルII,北海道札幌市中央区南4条西12丁目1295-23,中央区,4
ディアナパレス,北海道札幌市中央区南4条西12丁目1295-32,中央区,1
サウスクリエイト南4条,北海道札幌市中央区南4条西12丁目1296-24,中央区,1
KN南4条,北海道札幌市中央区南4条西12丁目1296-41,中央区,2
ヴァンヴェール南4条,北海道札幌市中央区南4条西13丁目1-36,中央区,17
サンコート南4条,北海道札幌市中央区南4条西13丁目1-38,中央区,1
スイーズS4,北海道札幌市中央区南4条西13丁目2-31,中央区,3
フォレスト医大前,北海道札幌市中央区南4条西14丁目1-11,中央区,2
木村ビル,北海道札幌市中央区南4条西15丁目1-25,中央区,1
MTガーデン円山,北海道札幌市中央区南4条西21丁目2-26,中央区,1
Glass資生館,北海道札幌市中央区南4条西7丁目2-7,中央区,3
サウスフォーI,北海道札幌市中央区南4条東2丁目7,中央区,4
サウスフォーII,北海道札幌市中央区南4条東2丁目7,中央区,3
ExcelII,北海道札幌市中央区南4条東2丁目8-2,中央区,6
ルーブル4条館,北海道札幌市中央区南4条東3丁目15-3,中央区,5
ハイツ昭和,北海道札幌市中央区南4条東3丁目9-1,中央区,17
PEOPLE NoIII,北海道札幌市中央区南4条東3丁目9-2,中央区,5
Giulietta,北海道札幌市中央区南4条東4丁目1-28,中央区,4
スペース南4条,北海道札幌市中央区南4条東4丁目1-72,中央区,16
スカイガーデン札幌南,北海道札幌市中央区南4条東5丁目1-34,中央区,1
エンドレス三井南5条II,北海道札幌市中央区南5条西10丁目1013-15,中央区,25
GRAND SUCCESS南大通り,北海道札幌市中央区南5条西10丁目1015-6,中央区,1
コンフォートマンション,北海道札幌市中央区南5条西10丁目1015-8,中央区,3
オルセー南5条,北海道札幌市中央区南5条西11丁目1287-41,中央区,2
カサオリエンタル,北海道札幌市中央区南5条西12丁目1297-20,中央区,1
グランドサクセス512,北海道札幌市中央区南5条西12丁目1297-22,中央区,4
R-FREE南5西12,北海道札幌市中央区南5条西12丁目1299-36,中央区,4
ル・ソレイユ,北海道札幌市中央区南5条西12丁目1299-55,中央区,1
サンステージS5W12,北海道札幌市中央区南5条西12丁目1303-22,中央区,1
ル・シェル医大南,北海道札幌市中央区南5条西16丁目1-15,中央区,1
ダイナスティパレス58,北海道札幌市中央区南5条西8丁目5-1,中央区,9
ダイナステイパレス58,北海道札幌市中央区南5条西8丁目5-1,中央区,1
ルーブル5条館,北海道札幌市中央区南5条西8丁目5-2,中央区,4
ダイナステイパレス58,北海道札幌市中央区南5条西8丁目5番地1,中央区,1
後楽園ハイツ,北海道札幌市中央区南5条西8丁目9-2,中央区,8
ステータス5.9,北海道札幌市中央区南5条西9丁目1014-23,中央区,6
ステータス5.9 305・502,北海道札幌市中央区南5条西9丁目1014-23,中央区,1
サウス1014,北海道札幌市中央区南5条西9丁目1014-6,中央区,11
アメックス南5条,北海道札幌市中央区南5条西9丁目1019-26,中央区,4
オパス南5条,北海道札幌市中央区南5条東1丁目3-2,中央区,1
レスト5.2,北海道札幌市中央区南5条東2丁目20-3,中央区,3
Dac Susukino,北海道札幌市中央区南5条東2丁目21-1,中央区,5
クラシックハイム,北海道札幌市中央区南5条東3丁目10-1,中央区,3
札幌ビオス館,北海道札幌市中央区南5条東3丁目11-1,中央区,17
ローレル6・10,北海道札幌市中央区南6条西10丁目1025-35,中央区,1
ルミエール札幌,北海道札幌市中央区南6条西11丁目1284-11,中央区,7
スカイパーク612,北海道札幌市中央区南6条西12丁目1300-12,中央区,7
ウエスト12,北海道札幌市中央区南6条西12丁目763,中央区,2
ノーザンヒルズ南6条,北海道札幌市中央区南6条西13丁目1-15,中央区,31
オルセー南6条,北海道札幌市中央区南6条西13丁目4-34,中央区,1
シティハイツ南6条,北海道札幌市中央区南6条西15丁目1-10,中央区,1
シャトー南6,北海道札幌市中央区南6条西15丁目1-33,中央区,2
シャトー南6条,北海道札幌市中央区南6条西15丁目1-33,中央区,3
アーマライトシティ,北海道札幌市中央区南6条西18丁目2-16,中央区,6
パークサイド618,北海道札幌市中央区南6条西18丁目3-2,中央区,2
DPレジデンス南円山,北海道札幌市中央区南6条西20丁目1-14,中央区,1
Terrace The Maruyama,北海道札幌市中央区南6条西22丁目2-11,中央区,1
第82藤栄ビル,北海道札幌市中央区南6条西22丁目3-59,中央区,1
山本ビル,北海道札幌市中央区南6条西24丁目1-28,中央区,1
サンコート円山ガーデンヒルズ,北海道札幌市中央区南6条西26丁目4-10,中央区,30
IK南六条レジデンス,北海道札幌市中央区南6条西2丁目5-24,中央区,13
BASE01ビル 4F-5F,北海道札幌市中央区南6条西3丁目6-8,中央区,1
アルファシティ南6条,北海道札幌市中央区南6条西7丁目1-3,中央区,5
ドエル札幌南6条II,北海道札幌市中央区南6条西7丁目10-1,中央区,3
ドエル札幌南6条I,北海道札幌市中央区南6条西7丁目10-3,中央区,4
ステイタスススキノ,北海道札幌市中央区南6条西7丁目2-2,中央区,4
ステイタスススキノ,北海道札幌市中央区南6条西7丁目2番地2,中央区,2
フロリッシュ6.7,北海道札幌市中央区南6条西7丁目3-5,中央区,22
ピソアルテ,北海道札幌市中央区南6条西7丁目7-7,中央区,25
シェトラーゼ,北海道札幌市中央区南6条西8丁目3-3,中央区,1
ノースイースト創成101,北海道札幌市中央区南6条西8丁目8-22,中央区,1
ノースイースト創成105,北海道札幌市中央区南6条西8丁目8-22,中央区,1
マンションカトレア,北海道札幌市中央区南6条西9丁目1024-1,中央区,15
イーストアヴェニュー,北海道札幌市中央区南6条東1丁目2-1,中央区,2
ZABO HILLS RIVERSIDE,北海道札幌市中央区南6条東2丁目2-2,中央区,2
ZABOHILLS,北海道札幌市中央区南6条東2丁目2-2,中央区,8
サンコート南6条壱番館,北海道札幌市中央区南6条東2丁目6-1,中央区,12
サンコート南6条弐番館,北海道札幌市中央区南6条東2丁目6-5,中央区,9
Crembld.,北海道札幌市中央区南6条東2丁目7-3,中央区,2
ルビーノ札幌,北海道札幌市中央区南7条西10丁目1025-23,中央区,1
ノースランド南7条,北海道札幌市中央区南7条西10丁目1025-7,中央区,1
グランステラ,北海道札幌市中央区南7条西10丁目1027-15,中央区,2
ブランノワールAMJ711,北海道札幌市中央区南7条西11丁目1-8,中央区,1
リバティインハイム,北海道札幌市中央区南7条西12丁目1-1,中央区,1
てるいマンション,北海道札幌市中央区南7条西12丁目1-26,中央区,1
ハイム・シャンゼリゼ7・12,北海道札幌市中央区南7条西12丁目3-25,中央区,12
ハイムシャンゼリゼ7・12,北海道札幌市中央区南7条西12丁目3-25,中央区,6
ハイムシャンゼリゼ7.12,北海道札幌市中央区南7条西12丁目3-25,中央区,4
輝和サウス,北海道札幌市中央区南7条西12丁目4-1,中央区,5
フランS7,北海道札幌市中央区南7条西12丁目4-19,中央区,2
村山建設ビル,北海道札幌市中央区南7条西12丁目4-32,中央区,1
KOULA,北海道札幌市中央区南7条西13丁目2-12,中央区,2
FC南7条,北海道札幌市中央区南7条西1丁目2-3,中央区,2
インペリアルエバー中島公園II,北海道札幌市中央区南7条西2丁目2-30,中央区,1
セントポーリアアクア,北海道札幌市中央区南7条西3丁目7-14,中央区,1
LudiCent717,北海道札幌市中央区南7条西3丁目7-17,中央区,5
すすきのプラザビル,北海道札幌市中央区南7条西4丁目424-12,中央区,2
プレジデント薄野,北海道札幌市中央区南7条西5丁目289-54,中央区,4
メゾン・ド・アトール,北海道札幌市中央区南7条西6丁目423-37,中央区,2
J1すすきのビル,北海道札幌市中央区南7条西6丁目5-6,中央区,5
第88松井ビル,北海道札幌市中央区南7条西7丁目3-1,中央区,1
ノーザンパレス77,北海道札幌市中央区南7条西7丁目6-1,中央区,4
ALPHA S7W8,北海道札幌市中央区南7条西8丁目1-5,中央区,4
エフェクト南7条,北海道札幌市中央区南7条西9丁目1024-3,中央区,21
アジュールコートS7,北海道札幌市中央区南7条西9丁目1026-12,中央区,2
プレシェルト南7条,北海道札幌市中央区南7条西9丁目1026-13,中央区,2
KC南8条,北海道札幌市中央区南8条西10丁目1277-29,中央区,6
ローズマリー,北海道札幌市中央区南8条西10丁目1278-19,中央区,1
ローズマリー101,北海道札幌市中央区南8条西10丁目1278-19,中央区,1
ローズマリー107,北海道札幌市中央区南8条西10丁目1278-19,中央区,1
SROOM+,北海道札幌市中央区南8条西12丁目1-39,中央区,7
サンコート南8条,北海道札幌市中央区南8条西12丁目2-7,中央区,7
ティアラローズB,北海道札幌市中央区南8条西13丁目2-35,中央区,1
ティアラローズB棟,北海道札幌市中央区南8条西13丁目2-35,中央区,4
ティアラローズA,北海道札幌市中央区南8条西13丁目2-36,中央区,1
ティアラローズA棟,北海道札幌市中央区南8条西13丁目2-36,中央区,1
エンノレジデンスS8,北海道札幌市中央区南8条西13丁目4-25,中央区,8
プレサント南8西1,北海道札幌市中央区南8条西1丁目13-18,中央区,4
イノベ札幌中島公園,北海道札幌市中央区南8条西1丁目13-19,中央区,1
ドミローレル第8,北海道札幌市中央区南8条西1丁目6-1,中央区,5
リベルテ中島公園,北海道札幌市中央区南8条西2丁目5-30,中央区,4
ブランノワール中島公園,北海道札幌市中央区南8条西2丁目5-53,中央区,4
ガイアールS8,北海道札幌市中央区南8条西2丁目5-63,中央区,3
ONE'S RESIDENCE,北海道札幌市中央区南8条西2丁目5-67,中央区,37
シティマンション五十嵐,北海道札幌市中央区南8条西3丁目6-1,中央区,3
茶やビル,北海道札幌市中央区南8条西3丁目7,中央区,2
茶やビル,北海道札幌市中央区南8条西3丁目7番地,中央区,1
グランヒル南8条壱番館,北海道札幌市中央区南8条西5丁目289-190,中央区,3
ステージ南8条I,北海道札幌市中央区南8条西5丁目289-86,中央区,3
コスモハイツNo.5,北海道札幌市中央区南8条西5丁目289-99,中央区,6
カブト124,北海道札幌市中央区南8条西6丁目289-30,中央区,6
ラ クレシュール,北海道札幌市中央区南8条西6丁目423-78,中央区,4
GlanzSara,北海道札幌市中央区南8条西7丁目1782-14,中央区,1
ローヤルハイツ8.8,北海道札幌市中央区南8条西8丁目1032-44,中央区,1
サントスハイム,北海道札幌市中央区南8条西8丁目521-24,中央区,1
ラルク,北海道札幌市中央区南8条西8丁目521-6,中央区,2
エフェクト南8条,北海道札幌市中央区南8条西9丁目1032-56,中央区,4
Volpe S8,北海道札幌市中央区南8条西9丁目755-18,中央区,4
N89-302,北海道札幌市中央区南8条西9丁目755-26,中央区,1
N89-305,北海道札幌市中央区南8条西9丁目755-26,中央区,1
サンドリアビル,北海道札幌市中央区南8条西9丁目758-23,中央区,1
大有ビル,北海道札幌市中央区南8条西9丁目758-23,中央区,1
ロイヤルステージ,北海道札幌市中央区南8条西9丁目759-13,中央区,2
クィーンズ・リブレK1,北海道札幌市中央区南9条西10丁目1-3,中央区,1
クイーンズリブレK1,北海道札幌市中央区南9条西10丁目1-3,中央区,2
ハイツES,北海道札幌市中央区南9条西10丁目1-5,中央区,1
グランデュール・サウス9,北海道札幌市中央区南9条西13丁目2-33,中央区,2
グランデュールサウス9,北海道札幌市中央区南9条西13丁目2-33,中央区,2
東棟,北海道札幌市中央区南9条西20丁目1-17,中央区,1
AMSタワー,北海道札幌市中央区南9条西4丁目3,中央区,1
AMSタワー,北海道札幌市中央区南9条西4丁目3-1,中央区,101
AMSタワー中島,北海道札幌市中央区南9条西4丁目3-15,中央区,36
Lupinus96,北海道札幌市中央区南9条西6丁目421-24,中央区,4
オリンピア南9条マンション,北海道札幌市中央区南9条西8丁目1-26,中央区,3
ピュアミート98,北海道札幌市中央区南9条西8丁目1-38,中央区,3
クオリティライフ中島公園,北海道札幌市中央区南9条西8丁目1-41,中央区,5
トネックス,北海道札幌市中央区南9条西9丁目1-26,中央区,1
ハル・レジデンス,北海道札幌市中央区南9条西9丁目2-14,中央区,1
ハルレジデンス,北海道札幌市中央区南9条西9丁目2-14,中央区,5
癒禅N11,北海道札幌市中央区北11条西24丁目1-5,中央区,1
メープル桑園駅,北海道札幌市中央区北13条西16丁目3-10,中央区,2
ノースリブII,北海道札幌市中央区北15条西15丁目1-13,中央区,3
パレスサンホーム,北海道札幌市中央区北16条西15丁目1-15,中央区,2
ダイコーBL,北海道札幌市中央区北1条西19丁目1-7,中央区,7
モンドミオ札幌近代美術館,北海道札幌市中央区北1条西19丁目2-2,中央区,15
サンコート表参道,北海道札幌市中央区北1条西21丁目1-5,中央区,13
ライオンズシティ大通公園,北海道札幌市中央区北1条西8丁目2-49,中央区,3
Harness北1条,北海道札幌市中央区北1条東12丁目22-56,中央区,3
ハーネス北1条,北海道札幌市中央区北1条東12丁目22-56,中央区,2
イーストコートI,北海道札幌市中央区北1条東13丁目2-2,中央区,2
パークヒルズ中央12,北海道札幌市中央区北1条東2丁目5-4,中央区,5
ibiza北円山,北海道札幌市中央区北2条西24丁目2-27,中央区,1
管財ビル,北海道札幌市中央区北2条西25丁目1-2,中央区,1
イーストコートIII,北海道札幌市中央区北2条東11丁目23-27,中央区,4
E-horizon北2条,北海道札幌市中央区北2条東1丁目5-2,中央区,7
E-Horizon北2条ビル,北海道札幌市中央区北2条東1丁目5-2,中央区,6
創成川北2ビル,北海道札幌市中央区北2条東2丁目1-35,中央区,1
メディオフラム札幌,北海道札幌市中央区北3条西12丁目2-7,中央区,1
アルファアパルノーブル,北海道札幌市中央区北3条西21丁目1-7,中央区,1
サンライズ,北海道札幌市中央区北3条東10丁目18-4,中央区,5
LEE北3条,北海道札幌市中央区北3条東2丁目2-33,中央区,2
D・オークス北3条,北海道札幌市中央区北3条東2丁目2-36,中央区,9
D×Apartment N3E6,北海道札幌市中央区北3条東6丁目356-3,中央区,1
北3条ハイツ,北海道札幌市中央区北3条東7丁目349-3,中央区,1
412ビル,北海道札幌市中央区北4条西12丁目1-38,中央区,5
ナムズビル,北海道札幌市中央区北4条西13丁目1-27,中央区,2
クリエイティブ4・4,北海道札幌市中央区北4条東4丁目3-1,中央区,4
NKビル,北海道札幌市中央区北4条東4丁目3-12,中央区,5
モンテリブロ札幌東,北海道札幌市中央区北4条東5丁目5-62,中央区,2
ANAX NORD5,北海道札幌市中央区北5条西10丁目1-1,中央区,3
ANAXNORD5,北海道札幌市中央区北5条西10丁目1-1,中央区,2
アジュールコートN5,北海道札幌市中央区北5条西17丁目4-12,中央区,3
WELLZ N5,北海道札幌市中央区北5条西9丁目17-3,中央区,23
エクセル北円山,北海道札幌市中央区北6条西21丁目2-8,中央区,1
グランドサクセス北6条,北海道札幌市中央区北6条西25丁目3-23,中央区,7
ノーススクエアガーデン西28丁目駅前,北海道札幌市中央区北6条西26丁目1-14,中央区,14
円山リビン 1-A,北海道札幌市中央区北6条西26丁目1-27,中央区,1
円山リビン,北海道札幌市中央区北6条西26丁目1-27,中央区,3
第三北美マンション,北海道札幌市中央区北7条西16丁目1-30,中央区,1
サンコート桑園ガーデンヒルズ,北海道札幌市中央区北7条西19丁目38-73,中央区,2
Meteore北円山,北海道札幌市中央区北7条西22丁目1-12,中央区,2
ロムペリイビル,北海道札幌市中央区北8条西20丁目2-20,中央区,8
グランフォルム北12条,北海道札幌市東区東区北12条東4丁目1-26,東区,2
THE SUI RESIDENCE SAPPORO,北海道札幌市東区東区北7条東4丁目15-80,東区,2
苗穂ハートランド,北海道札幌市東区苗穂町3丁目1-5,東区,4
アイム北10条,北海道札幌市東区北10条東6丁目1-22,東区,5
リブラ北11,北海道札幌市東区北11条東1丁目2-13,東区,5
ハルキハウス,北海道札幌市東区北11条東3丁目2-7,東区,1
Casa de la familia,北海道札幌市東区北12条東9丁目2-9,東区,2
プランドールアネックス,北海道札幌市東区北13条東12丁目2-8,東区,2
インペリアル13,北海道札幌市東区北13条東2丁目1-25,東区,1
A,北海道札幌市東区北14条東15丁目4-12,東区,1
グランディア,北海道札幌市東区北14条東15丁目4-41,東区,4
レジデンス14,北海道札幌市東区北14条東2丁目2-5,東区,2
ピオネロ148,北海道札幌市東区北14条東8丁目3-12,東区,3
第二菱本ビル,北海道札幌市東区北15条東16丁目1-1,東区,2
岡内ビルサニープレイス151,北海道札幌市東区北15条東1丁目1-28,東区,1
RAFAIYE N16 1F Ay,北海道札幌市東区北16条東12丁目2-16,東区,1
RAFAIYE N16 4F Ds,北海道札幌市東区北16条東12丁目2-16,東区,1
RAFAIYE N16 4F Dx,北海道札幌市東区北16条東12丁目2-16,東区,1
RAFAIYE N16 4F Dz,北海道札幌市東区北16条東12丁目2-16,東区,1
ローゼルガーデン,北海道札幌市東区北18条東15丁目3-14,東区,5
グランドサクセス北19条,北海道札幌市東区北19条東1丁目1-16,東区,3
A,北海道札幌市東区北19条東1丁目1-22,東区,1
B,北海道札幌市東区北19条東1丁目1-22,東区,1
C,北海道札幌市東区北19条東1丁目1-22,東区,1
メゾン美香保1-A,北海道札幌市東区北20条東7丁目1-5,東区,1
元町ハイツ北23条,北海道札幌市東区北23条東13丁目2-10,東区,1
ヴェルウッド元町,北海道札幌市東区北23条東14丁目4-13,東区,1
元町明和ビル,北海道札幌市東区北23条東15丁目5-22,東区,1
Am building05,北海道札幌市東区北23条東16丁目2-15,東区,2
スターグレイス北23条,北海道札幌市東区北23条東1丁目1-6,東区,5
プロスペール北23条,北海道札幌市東区北23条東1丁目7-28,東区,1
ALMAZPLACE,北海道札幌市東区北23条東4丁目4-20,東区,1
ファミリーマンション24,北海道札幌市東区北24条東12丁目2-1,東区,1
イトービル,北海道札幌市東区北27東7丁目3-27,東区,1
ユートピアシロス,北海道札幌市東区北31条東16丁目2-9,東区,3
イーストスクウエア,北海道札幌市東区北34条東20丁目2-25,東区,1
イーストアヴェニュー37,北海道札幌市東区北37条東7丁目1-3,東区,1
リバーデンス栄町,北海道札幌市東区北42条東17丁目4-15,東区,1
ファインコートII,北海道札幌市東区北42条東2丁目1-28,東区,3
朝陽,北海道札幌市東区北43条東15丁目1-23,東区,4
リバーデンス東麻生,北海道札幌市東区北49条東2丁目6-13,東区,4
リバーデンス50,北海道札幌市東区北50条東7丁目5-18,東区,3
クローバー J,北海道札幌市東区北6条東7丁目12-5,東区,1
クローバー K,北海道札幌市東区北6条東7丁目12-5,東区,1
クローバー Q,北海道札幌市東区北6条東7丁目12-5,東区,1
タウンローヤル73,北海道札幌市東区北7条東3丁目15-22,東区,11
ビバリーヒルズ,北海道札幌市東区北7条東3丁目15-30,東区,2
ルシエル,北海道札幌市東区北7条東3丁目15-31,東区,3
タウンローヤル73,北海道札幌市東区北7条東3丁目15-77,東区,2
サンコート北7条壱番館,北海道札幌市東区北7条東7丁目21-3,東区,20
サンテミリオン壱番館,北海道札幌市東区北8条東12丁目5-11,東区,2
ソシアルトミイNo.81,北海道札幌市東区北8条東13丁目6-1,東区,4
コートヴィラ,北海道札幌市東区北8条東1丁目1-11,東区,4
ラ・パルフェ・ド・札幌,北海道札幌市東区北8条東1丁目1-25,東区,5
ラ・パルフェ・ド札幌,北海道札幌市東区北8条東1丁目1-25,東区,3
ラ・パルフェド・札幌,北海道札幌市東区北8条東1丁目1-25,東区,2
ラ・パルフェド札幌,北海道札幌市東区北8条東1丁目1-25,東区,1
リージェントS札幌,北海道札幌市東区北8条東1丁目3-1,東区,2
リージェントN札幌,北海道札幌市東区北8条東1丁目3-2,東区,4
レジデンスN8,北海道札幌市東区北8条東5丁目18-3,東区,4
ワイズ札幌,北海道札幌市東区北9条東2丁目2-10,東区,8
ZABO NOIR11,北海道札幌市東区本町1条1丁目7-24,東区,1
ZABO BLANC12,北海道札幌市東区本町1条2丁目6-14,東区,3
本町テラスホテル,北海道札幌市東区本町2条1丁目14-5,東区,3
クチュールときわ,北海道札幌市南区常盤3条2丁目5-5,南区,3
コートハウスK,北海道札幌市南区澄川1条3丁目1-7,南区,2
北海ビル,北海道札幌市南区澄川3条2丁目4-26,南区,1
スクーデリア527,北海道札幌市南区澄川3条2丁目5-27,南区,1
アール澄川 B202,北海道札幌市南区澄川4条1丁目2-41,南区,1
アール澄川 B301,北海道札幌市南区澄川4条1丁目2-41,南区,1
アール澄川 B302,北海道札幌市南区澄川4条1丁目2-41,南区,1
アール澄川 B303,北海道札幌市南区澄川4条1丁目2-41,南区,1
アール澄川 C102,北海道札幌市南区澄川4条1丁目2-41,南区,1
アール澄川 C201,北海道札幌市南区澄川4条1丁目2-41,南区,1
Empress澄川,北海道札幌市南区澄川4条2丁目13-5,南区,2
澄川グランドハイツ,北海道札幌市南区澄川4条2丁目3-1,南区,2
ステージ澄川II,北海道札幌市南区澄川4条2丁目3-18,南区,3
ラ・ファム札幌レディース,北海道札幌市南区澄川4条3丁目8-15,南区,1
ラ・ファム澄川,北海道札幌市南区澄川4条3丁目8-18,南区,1
ホロムア澄川,北海道札幌市南区澄川4条4丁目11-53,南区,3
エスパシオ澄川,北海道札幌市南区澄川4条7丁目3-3,南区,2
ハイツレインボー,北海道札幌市南区澄川6条11丁目18-31,南区,1
ルナパーク,北海道札幌市南区石山2条2丁目7-33,南区,2
コーポ綾,北海道札幌市南区石山2条2丁目7-40,南区,2
ほのぼの山荘 101・103・105・201・202,北海道札幌市南区中ノ沢6丁目1-6,南区,1
フューデイズコンドミニアム定山渓,北海道札幌市南区定山渓温泉西1丁目9,南区,16
ライオンズマンション札幌定山渓参番館,北海道札幌市南区定山渓温泉西2丁目45-1,南区,10
リゾートハウスみすまい,北海道札幌市南区簾舞2条1丁目5-18,南区,1
シティペトルシュカ,北海道札幌市白石区菊水1条1丁目3-14,白石区,11
イシマハイツ,北海道札幌市白石区菊水1条1丁目3-21,白石区,3
グランカトレア菊水,北海道札幌市白石区菊水1条1丁目3-21,白石区,2
エフェクト菊水,北海道札幌市白石区菊水1条2丁目7-5,白石区,14
HANA24,北海道札幌市白石区菊水1条4丁目2-8,白石区,2
ベルビューイープル,北海道札幌市白石区菊水2条1丁目5-10,白石区,2
ローヤルハイツ菊水駅,北海道札幌市白石区菊水2条1丁目8-20,白石区,6
クレストピア,北海道札幌市白石区菊水2条2丁目3-8,白石区,4
リヒトラーレ菊水,北海道札幌市白石区菊水3条2丁目1-6,白石区,1
さくら館,北海道札幌市白石区菊水3条4丁目4-22,白石区,6
プランドール,北海道札幌市白石区菊水3条4丁目4-4,白石区,4
メゾンソレイユ,北海道札幌市白石区菊水3条4丁目4-4,白石区,2
ヴィオラ菊水,北海道札幌市白石区菊水4条1丁目3-10,白石区,4
シティパレス菊水 A,北海道札幌市白石区菊水4条2丁目1-8,白石区,1
シティパレス菊水 E,北海道札幌市白石区菊水4条2丁目1-8,白石区,1
A BOND gran菊水,北海道札幌市白石区菊水4条2丁目2-5,白石区,2
シンエービル,北海道札幌市白石区菊水4条2丁目4-21,白石区,1
グラシアスガシン菊水,北海道札幌市白石区菊水5条1丁目2-1,白石区,1
リバティ菊水,北海道札幌市白石区菊水6条1丁目2-1,白石区,2
ニューフロンティア,北海道札幌市白石区菊水8条3丁目5-12,白石区,2
ヒルズガーデン東札幌,北海道札幌市白石区菊水9条4丁目1-7,白石区,3
エンジェルA,北海道札幌市白石区菊水元町1条2丁目4-29,白石区,1
エンジェルB,北海道札幌市白石区菊水元町1条2丁目4-29,白石区,1
Lafesta INN KIKUSUI-KAMIMACHI,北海道札幌市白石区菊水上町3条3丁目52-114,白石区,1
ノーザンライツ,北海道札幌市白石区東札幌2条2丁目2-13,白石区,1
フレックスアーバンヒガシサッポロ,北海道札幌市白石区東札幌2条2丁目2-17,白石区,1
サナンド,北海道札幌市白石区東札幌2条3丁目9-10,白石区,2
K&Y,北海道札幌市白石区東札幌2条4丁目10-5,白石区,2
プラティーク東札幌,北海道札幌市白石区東札幌2条5丁目11-5,白石区,1
ドルチェ富士,北海道札幌市白石区東札幌2条5丁目3-15,白石区,3
プレジデント白石,北海道札幌市白石区東札幌2条6丁目10-17,白石区,1
エミネントハウス,北海道札幌市白石区東札幌3条4丁目4-1,白石区,4
エスハイム,北海道札幌市白石区東札幌4条2丁目4-1,白石区,3
アーキヒルズ,北海道札幌市白石区東札幌4条2丁目5-32,白石区,1
谷藤マンション,北海道札幌市白石区東札幌4条3丁目2-1,白石区,3
シャトーローリエ壱番館,北海道札幌市白石区東札幌4条4丁目5-19,白石区,6
日勝ハウス,北海道札幌市白石区東札幌5条5丁目4-10,白石区,2
エールMS,北海道札幌市白石区北郷1条4丁目3-28,白石区,3
東栄マンション,北海道札幌市白石区北郷1条4丁目3-29,白石区,1
白石第4Bレジデンス,北海道札幌市白石区北郷1条4丁目4-19,白石区,5
ツインタワー壱番館,北海道札幌市白石区北郷2条6丁目2-10,白石区,2
シティスカイコート,北海道札幌市白石区本郷通7丁目南3番地15,白石区,7
シティアヴェニュー旭町,北海道札幌市豊平区旭町2丁目1-2,豊平区,25
ミルフィオーレ学園前,北海道札幌市豊平区旭町5丁目2-1,豊平区,3
ジュネスコート旭町弐番館,北海道札幌市豊平区旭町6丁目1-29,豊平区,2
カサデューク平岸43,北海道札幌市豊平区旭町6丁目2-25,豊平区,1
カサデューク平岸45,北海道札幌市豊平区旭町6丁目2-25,豊平区,1
La・iSoLa月寒,北海道札幌市豊平区月寒西1条4丁目2-26,豊平区,3
グランドサクセス月寒中央通,北海道札幌市豊平区月寒中央通10丁目6-18,豊平区,3
壺屋ビル,北海道札幌市豊平区月寒中央通10丁目6-34,豊平区,1
マンションパスチャー,北海道札幌市豊平区月寒中央通11丁目2-5,豊平区,2
パークヒルズ月寒中央,北海道札幌市豊平区月寒中央通4丁目4-27,豊平区,4
ピオネロ月寒,北海道札幌市豊平区月寒中央通5丁目1-17,豊平区,4
ラフィーネ月寒,北海道札幌市豊平区月寒中央通7丁目1-17,豊平区,1
ラフィーネ月寒中央通,北海道札幌市豊平区月寒中央通7丁目4-4,豊平区,1
サンコート月寒中央通,北海道札幌市豊平区月寒中央通8丁目2-10,豊平区,23
わっず福住,北海道札幌市豊平区月寒東1条13丁目1-20,豊平区,6
ルナ・ポーレ,北海道札幌市豊平区月寒東1条5丁目5-10,豊平区,1
ビラディンクス,北海道札幌市豊平区月寒東1条7丁目2-5,豊平区,1
ル・グラン,北海道札幌市豊平区月寒東2条5丁目8-1,豊平区,1
リージェント514,北海道札幌市豊平区月寒東5条14丁目1-1,豊平区,3
水車町マンション,北海道札幌市豊平区水車町2丁目1-1,豊平区,2
大瀧テラスハウスB,北海道札幌市豊平区西岡3条5丁目1-11,豊平区,1
コート西岡,北海道札幌市豊平区西岡4条2丁目10-37,豊平区,1
プレドニア中の島,北海道札幌市豊平区中の島1条10丁目1-1,豊平区,2
プレイズ中の島B,北海道札幌市豊平区中の島1条1丁目1-11,豊平区,1
中の島1・1マンション,北海道札幌市豊平区中の島1条1丁目5-1,豊平区,4
エクセル中の島2,北海道札幌市豊平区中の島1条1丁目6-23,豊平区,1
コーポエクセルショール,北海道札幌市豊平区中の島1条2丁目3-15,豊平区,4
シティラローレンス,北海道札幌市豊平区中の島1条3丁目5-5,豊平区,3
トーカン中の島キャステール,北海道札幌市豊平区中の島1条3丁目6-15,豊平区,9
シティラローレンス,北海道札幌市豊平区中の島1条3丁目6-18,豊平区,1
リストワール中の島,北海道札幌市豊平区中の島2条2丁目2-18,豊平区,7
ハートワン中の島,北海道札幌市豊平区中の島2条4丁目2-17,豊平区,5
フォレスト中の島II,北海道札幌市豊平区中の島2条7丁目4-1,豊平区,1
エクセル美園,北海道札幌市豊平区美園10条7丁目2-27,豊平区,2
セジュール美園,北海道札幌市豊平区美園2条6丁目6-18,豊平区,3
トレジャー美園,北海道札幌市豊平区美園3条2丁目2-3,豊平区,5
Dream House Misono,北海道札幌市豊平区美園4条3丁目2-26,豊平区,5
dream house misono,北海道札幌市豊平区美園4条3丁目2-26,豊平区,1
オークヴィラ,北海道札幌市豊平区美園7条3丁目1-5,豊平区,4
Rifugio,北海道札幌市豊平区美園7条7丁目3-13,豊平区,1
ラグナベルデ美園,北海道札幌市豊平区美園9条6丁目2-10,豊平区,1
BIプラザ美園,北海道札幌市豊平区美園9条7丁目4-17,豊平区,6
ファーストワン,北海道札幌市豊平区平岸1条1丁目2-17,豊平区,1
ファーストワン2F,北海道札幌市豊平区平岸1条1丁目2-17,豊平区,1
AMS平岸11,北海道札幌市豊平区平岸1条7丁目3-8,豊平区,7
フジイコーポ,北海道札幌市豊平区平岸1条8丁目4-6,豊平区,2
ハイツES,北海道札幌市豊平区平岸1条8丁目8-12,豊平区,1
太陽荘,北海道札幌市豊平区平岸2条11丁目1-12,豊平区,2
cietaruga(チェタルーガ),北海道札幌市豊平区平岸2条1丁目6-22,豊平区,1
キャンパスサイド,北海道札幌市豊平区平岸2条1丁目7-36,豊平区,4
イノベ札幌平岸2条,北海道札幌市豊平区平岸2条2丁目3-43,豊平区,2
えりもマンション,北海道札幌市豊平区平岸2条5丁目2-28,豊平区,5
コスモ南平岸,北海道札幌市豊平区平岸3条12丁目2-23,豊平区,1
AMS平岸313,北海道札幌市豊平区平岸3条13丁目1-2,豊平区,1
メイプルメゾン南平岸,北海道札幌市豊平区平岸3条13丁目5-3,豊平区,1
グローズヴィラギゼ,北海道札幌市豊平区平岸3条14丁目3-31,豊平区,1
ソラテラス,北海道札幌市豊平区平岸3条14丁目8-15,豊平区,1
グローズヴィラギゼII,北海道札幌市豊平区平岸3条16丁目1-21,豊平区,2
レジデンス平岸,北海道札幌市豊平区平岸3条17丁目7-19,豊平区,3
リリーコート平岸,北海道札幌市豊平区平岸3条5丁目3-20,豊平区,1
ソワールパルク平岸,北海道札幌市豊平区平岸3条7丁目6-6,豊平区,2
HS平岸391,北海道札幌市豊平区平岸3条9丁目1-25,豊平区,9
R204,北海道札幌市豊平区平岸3条9丁目11-5,豊平区,1
アークコート平岸II,北海道札幌市豊平区平岸3条9丁目4-3,豊平区,4
ライムハイツ,北海道札幌市豊平区平岸4条12丁目12-47,豊平区,3
Vivere南平岸2,北海道札幌市豊平区平岸4条12丁目6-4,豊平区,3
ウィズタウン1,北海道札幌市豊平区平岸4条12丁目9-10,豊平区,5
カプリス豊平公園,北海道札幌市豊平区平岸4条3丁目5-8,豊平区,5
ヴィラフェリーチェ平岸,北海道札幌市豊平区平岸4条3丁目6-12,豊平区,4
サイプレス平岸,北海道札幌市豊平区平岸4条4丁目4-9,豊平区,7
アン・ブローシア平岸,北海道札幌市豊平区平岸4条6丁目3-1,豊平区,4
エクセル平岸B,北海道札幌市豊平区平岸4条8丁目5-20-1,豊平区,1
エクセル平岸A,北海道札幌市豊平区平岸4条8丁目5-20-2,豊平区,2
SammyI,北海道札幌市豊平区平岸5条6丁目5-18,豊平区,1
エクセル平岸,北海道札幌市豊平区平岸5条7丁目1-4,豊平区,2
ディッセン豊平橋,北海道札幌市豊平区豊平2条1丁目1-11,豊平区,3
マリアールグランデ豊平,北海道札幌市豊平区豊平2条4丁目1-37,豊平区,1
Egnorts,北海道札幌市豊平区豊平2条5丁目1-16,豊平区,2
カレラ豊平2nd,北海道札幌市豊平区豊平3条11丁目1-15,豊平区,7
プロヴィデンス豊平,北海道札幌市豊平区豊平3条1丁目1-18,豊平区,5
セトル豊平3・1,北海道札幌市豊平区豊平3条1丁目1-21,豊平区,2
アーバンビル4480,北海道札幌市豊平区豊平3条1丁目1-34,豊平区,1
リージェント豊平,北海道札幌市豊平区豊平3条3丁目2-18,豊平区,1
アピア豊平,北海道札幌市豊平区豊平3条3丁目2-6,豊平区,1
エムズ豊平,北海道札幌市豊平区豊平3条9丁目3-10,豊平区,1
ユートピア21,北海道札幌市豊平区豊平3条9丁目3-8,豊平区,3
T-STELLA,北海道札幌市豊平区豊平4条12丁目2-13,豊平区,1
カレラ学園前,北海道札幌市豊平区豊平4条3丁目3-25,豊平区,4
エクセル学園前,北海道札幌市豊平区豊平4条5丁目3-10,豊平区,2
グローリー豊平,北海道札幌市豊平区豊平5条3丁目2-18,豊平区,3
レジデンス学園前,北海道札幌市豊平区豊平7条8丁目1-3,豊平区,1
プリンスハイツ,北海道札幌市豊平区豊平8条11丁目3-21,豊平区,2
T&Kビル,北海道札幌市北区新川2条1丁目2-47,北区,2
ホームワード新川 D棟,北海道札幌市北区新川4条1丁目5-5,北区,1
ホームワード新川 C棟,北海道札幌市北区新川4条1丁目5-6,北区,1
ホームワード新川 B棟,北海道札幌市北区新川4条1丁目5-7,北区,1
ホームワード新川 A棟,北海道札幌市北区新川4条1丁目5-8,北区,1
タクメナー,北海道札幌市北区北10条西1丁目20-2,北区,10
アルファスクエア札幌北口,北海道札幌市北区北10条西2丁目9-1,北区,5
みどり荘,北海道札幌市北区北11条西2丁目1-6,北区,3
ドエル札幌北11条,北海道札幌市北区北11条西3丁目1-1,北区,2
センティール札幌北,北海道札幌市北区北12条西1丁目2-17,北区,1
エンビジョン,北海道札幌市北区北12条西4丁目1-13,北区,1
アルファーN13,北海道札幌市北区北13条西1丁目2-12,北区,3
ほくせいビル,北海道札幌市北区北15条西15丁目1-7,北区,1
ほくせいビル,北海道札幌市北区北15条西5丁目1-7,北区,5
マンションN165,北海道札幌市北区北16条西5丁目2-7,北区,3
カーサ北17条,北海道札幌市北区北17条西1丁目2-2,北区,5
キャッスル17,北海道札幌市北区北17条西3丁目1-24,北区,3
TheEight,北海道札幌市北区北17条西5丁目1-27,北区,1
ENYA-N17,北海道札幌市北区北17条西5丁目2-48,北区,1
アルファスクエア北18条,北海道札幌市北区北18条西3丁目2-8,北区,1
クレストコート北大前,北海道札幌市北区北18条西5丁目2-40,北区,25
小泉マンションMem19,北海道札幌市北区北19条西4丁目2-18,北区,1
メゾン・ド・グルー,北海道札幌市北区北20条西4丁目1-16,北区,2
メゾンドグルー,北海道札幌市北区北20条西4丁目1-16,北区,2
アクシルコート,北海道札幌市北区北20条西4丁目2-19,北区,1
Seagull208,北海道札幌市北区北20条西8丁目1-1,北区,1
Premiere N21,北海道札幌市北区北21条西2丁目2-10,北区,4
スカイハイツ,北海道札幌市北区北21条西4丁目2-3,北区,1
RJ North23,北海道札幌市北区北23条西2丁目2-1,北区,2
グレイス23清水ビル,北海道札幌市北区北23条西3丁目1-10,北区,2
N235,北海道札幌市北区北23条西5丁目2-21,北区,3
美工ビル,北海道札幌市北区北23条西8丁目1-36,北区,2
ノルドハウス24,北海道札幌市北区北24条西2丁目4-18,北区,4
フロンティア24,北海道札幌市北区北24条西3丁目1-5,北区,5
マイルーム24,北海道札幌市北区北25条西5丁目2-15,北区,3
札幌マイルーム24,北海道札幌市北区北25条西5丁目2-15,北区,13
シャルム27,北海道札幌市北区北27条西12丁目5-2,北区,4
ドミホワイト,北海道札幌市北区北27条西9丁目5-23,北区,1
第五角栄ビル,北海道札幌市北区北29条西11丁目2-1,北区,1
プレステージN31,北海道札幌市北区北31条西5丁目1-10,北区,1
MKS,北海道札幌市北区北32条西2丁目2-11,北区,1
TAOHOUSE,北海道札幌市北区北32条西4丁目1-29,北区,1
SR33,北海道札幌市北区北33条西3丁目1-21,北区,1
ブリエST,北海道札幌市北区北33条西4丁目1-3,北区,3
オアシス35,北海道札幌市北区北35条西2丁目1-37,北区,1
オアシス35101,北海道札幌市北区北35条西2丁目1-37,北区,1
グランドサクセス南麻生,北海道札幌市北区北35条西5丁目1-8,北区,5
リバーデンス西麻生 202,北海道札幌市北区北36条西2丁目1-15,北区,1
リバーデンス西麻生,北海道札幌市北区北36条西2丁目1-15,北区,1
AXIS-FA麻生,北海道札幌市北区北36条西3丁目2-1,北区,2
RJ ASABU,北海道札幌市北区北36条西3丁目2-15,北区,2
石川マンションA,北海道札幌市北区北37条西3丁目2-17,北区,1
カーム北6条,北海道札幌市北区北6条西8丁目3-8,北区,1
ルラシオン札幌駅前,北海道札幌市北区北7条西6丁目1-22,北区,4
Hotel Stripe札幌,北海道札幌市北区北7条西6丁目2-27,北区,7
STRIPE札幌,北海道札幌市北区北7条西6丁目2-27,北区,11
ハイツN7,北海道札幌市北区北7条西7丁目1-5,北区,6
北7条ビル,北海道札幌市北区北7条西7丁目61,北区,1
